settings,precision,mrr,map
tfidf_x_1, 0.7879999999999993, 1.0, 0.935127606135
